name,position,team,projection
Ja'Marr Chase,WR,CIN,288
Bijan Robinson,RB,ATL,275
CeeDee Lamb,WR,DAL,273
Justin Jefferson,WR,MIN,281
Saquon Barkley,RB,PHI,266
Puka Nacua,WR,LAR,274
Christian McCaffrey,RB,SF,242
Malik Nabers,WR,NYG,256
Nico Collins,WR,HOU,251
Jahmyr Gibbs,RB,DET,251
Brian Thomas Jr.,WR,JAC,247
Ashton Jeanty,RB,LVR,247
Jonathan Taylor,RB,IND,242
De'Von Achane,RB,MIA,240
Amon-Ra St. Brown,WR,DET,257
Derrick Henry,RB,BAL,239
A.J. Brown,WR,PHI,248
Drake London,WR,ATL,246
Tee Higgins,WR,CIN,231
Tyreek Hill,WR,MIA,216
Breece Hall,RB,NYJ,212
Joe Mixon,RB,HOU,201
Alvin Kamara,RB,NO,206
Brock Bowers,TE,LVR,216
Josh Jacobs,RB,GB,225
Bucky Irving,RB,TB,216
Trey McBride,TE,ARI,215
Rashee Rice,WR,KC,188
Lamar Jackson,QB,BAL,340
Jayden Daniels,QB,WAS,334
Kyren Williams,RB,LAR,218
Ladd McConkey,WR,LAC,222
Chase Brown,RB,CIN,202
Josh Allen,QB,BUF,337
Jalen Hurts,QB,PHI,333
Mike Evans,WR,TB,215
James Cook,RB,BUF,214
Chuba Hubbard,RB,CAR,195
Kenneth Walker III,RB,SEA,214
Davante Adams,WR,LAR,201
James Conner,RB,ARI,185
Garrett Wilson,WR,NYJ,215
George Kittle,TE,SF,189
Xavier Worthy,WR,KC,200
D.J. Moore,WR,CHI,204
Jaxon Smith-Njigba,WR,SEA,215
Terry McLaurin,WR,WAS,209
Marvin Harrison Jr.,WR,ARI,201
DeVonta Smith,WR,PHI,215
D.K. Metcalf,WR,PIT,202
Joe Burrow,QB,CIN,316
Zay Flowers,WR,BAL,206
Jaylen Waddle,WR,MIA,186
Tetairoa McMillan,WR,CAR,183
Courtland Sutton,WR,DEN,204
Travis Hunter,WR,JAC,163
Chris Godwin,WR,TB,169
Sam LaPorta,TE,DET,176
George Pickens,WR,DAL,177
David Montgomery,RB,DET,182
Aaron Jones,RB,MIN,175
Chris Olave,WR,NO,169
Jameson Williams,WR,DET,184
Travis Kelce,TE,KC,155
Isiah Pacheco,RB,KC,154
Omarion Hampton,RB,LAC,158
Quinshon Judkins,RB,CLE,167
RJ Harvey,RB,DEN,153
D'Andre Swift,RB,CHI,149
Calvin Ridley,WR,TEN,180
Tony Pollard,RB,TEN,169
TreVeyon Henderson,RB,NE,156
Jakobi Meyers,WR,LVR,187
Deebo Samuel,WR,WAS,181
Jonnu Smith,TE,MIA,152
T.J. Hockenson,TE,MIN,162
Khalil Shakir,WR,BUF,182
Jauan Jennings,WR,SF,182
David Njoku,TE,CLE,153
Jordan Addison,WR,MIN,177
Rome Odunze,WR,CHI,176
Mark Andrews,TE,BAL,154
Jayden Reed,WR,GB,180
Jerry Jeudy,WR,CLE,175
Patrick Mahomes,QB,KC,293
Brian Robinson Jr.,RB,WAS,153
Jaylen Warren,RB,PIT,143
Dalton Kincaid,TE,BUF,138
Travis Etienne,RB,JAC,135
Ricky Pearsall,WR,SF,156
Kaleb Johnson,RB,PIT,123
Jake Ferguson,TE,DAL,133
Evan Engram,TE,DEN,127
Tucker Kraft,TE,GB,139
Dallas Goedert,TE,PHI,139
Kyler Murray,QB,ARI,281
Tyler Warren,TE,IND,118
Bo Nix,QB,DEN,277
Darnell Mooney,WR,ATL,161
Josh Downs,WR,IND,159
Justin Fields,QB,NYJ,258
Tyrone Tracy Jr.,RB,NYG,102
Baker Mayfield,QB,TB,279
Michael Pittman Jr.,WR,IND,160
Cooper Kupp,WR,SEA,152
Tyjae Spears,RB,TEN,127
Justin Herbert,QB,LAC,277
Caleb Williams,QB,CHI,272
Cameron Skattebo,RB,NYG,104
Najee Harris,RB,LAC,127
Marquise Brown,WR,KC,149
Rashid Shaheed,WR,NO,156
Stefon Diggs,WR,NE,142
Austin Ekeler,RB,WAS,127
Keon Coleman,WR,BUF,142
Brandon Aiyuk,WR,SF,136
Dak Prescott,QB,DAL,274
Pat Freiermuth,TE,PIT,129
Tank Bigsby,RB,JAC,120
Drake Maye,QB,NE,270
Trevor Lawrence,QB,JAC,271
Zach Ertz,TE,WAS,116
Javonte Williams,RB,DAL,86
Colston Loveland,TE,CHI,113
Jared Goff,QB,DET,276
Brock Purdy,QB,SF,274
Christian Kirk,WR,HOU,148
Younghoe Koo,K,ATL,50
Jake Bates,K,DET,48
Chigoziem Okonkwo,TE,TEN,114
Zach Charbonnet,RB,SEA,121
Jordan Love,QB,GB,270
Isaiah Likely,TE,BAL,113
Rachaad White,RB,TB,112
C.J. Stroud,QB,HOU,268
Mike Gesicki,TE,CIN,115
Cade Otton,TE,TB,119
J.K. Dobbins,RB,UNS,77
Hunter Henry,TE,NE,118
Jayden Higgins,WR,HOU,124
Tua Tagovailoa,QB,MIA,258
Kyle Pitts,TE,ATL,111
Keenan Allen,WR,UNS,121
J.J. McCarthy,QB,MIN,233
Dalton Schultz,TE,HOU,112
Romeo Doubs,WR,GB,138
Matthew Golden,WR,GB,122
Jordan Mason,RB,MIN,103
Evan McPherson,K,CIN,44
Rhamondre Stevenson,RB,NE,109
Jaydon Blue,RB,DAL,87
Luther Burden III,WR,CHI,111
Tyler Bass,K,BUF,43
Bryce Young,QB,CAR,256
Joshua Palmer,WR,BUF,131
Amari Cooper,WR,UNS,118
Matt Gay,K,WAS,43
Brenton Strange,TE,JAC,106
Jake Elliott,K,PHI,41
Tyler Loop,K,BAL,51
Diontae Johnson,WR,CLE,91
Juwan Johnson,TE,NO,109
Emeka Egbuka,WR,TB,120
Jack Bech,WR,LVR,120
Harrison Butker,K,KC,40
Bhayshul Tuten,RB,JAC,85
Justin Tucker,K,UNS,38
Wan'Dale Robinson,WR,NYG,131
Mason Taylor,TE,NYJ,99
Quentin Johnston,WR,LAC,110
Ray Davis,RB,BUF,86
Cam Little,K,JAC,40
Rashod Bateman,WR,BAL,127
Chase McLaughlin,K,TB,37
Roschon Johnson,RB,CHI,80
Chad Ryland,K,ARI,37
Tre Harris,WR,LAC,107
Justice Hill,RB,BAL,90
Matthew Stafford,QB,LAR,258
Tyler Allgeier,RB,ATL,85
Kyle Williams,WR,NE,119
Jason Sanders,K,MIA,39
Cameron Dicker,K,LAC,38
Geno Smith,QB,LVR,254
Cameron Ward,QB,TEN,233
Trey Benson,RB,ARI,76
Jake Moody,K,SF,36
Cole Kmet,TE,CHI,92
Xavier Legette,WR,CAR,109
Marvin Mims Jr.,WR,DEN,105
Cedric Tillman,WR,CLE,107
Sam Darnold,QB,SEA,249
Jalen Coker,WR,CAR,108
Isaac Guerendo,RB,SF,72
Adam Thielen,WR,CAR,104
Blake Corum,RB,LAR,65
Anthony Richardson,QB,IND,179
Jaylen Wright,RB,MIA,72
Theo Johnson,TE,NYG,87
Michael Wilson,WR,ARI,126
Joshua Karty,K,LAR,35
Dylan Sampson,RB,CLE,69
Kareem Hunt,RB,KC,69
Jalen McMillan,WR,TB,111
MarShawn Lloyd,RB,GB,69
Michael Penix Jr.,QB,ATL,245
Will Reichard,K,MIN,35
Ryan Fitzgerald,K,CAR,43
Brandon Aubrey,K,DAL,33
Nick Chubb,RB,UNS,66
Graham Gano,K,NYG,36
Daniel Carlson,K,LVR,35
Jo'Quavious Marks,RB,HOU,71
Kendre Miller,RB,NO,62
Ka'imi Fairbairn,K,HOU,34
Wil Lutz,K,DEN,33
Elijah Mitchell,RB,KC,63
Cairo Santos,K,CHI,34
John Parker Romo,K,NE,33
Jarquez Hunter,RB,LAR,57
Jason Myers,K,SEA,33
Miles Sanders,RB,DAL,66
Jerome Ford,RB,CLE,47
Zack Moss,RB,CIN,49
Rico Dowdle,RB,CAR,61
Braelon Allen,RB,NYJ,62
Blake Grupe,K,NO,34
Trevor Etienne,RB,CAR,53
Greg Zuerlein,K,UNS,35
Dustin Hopkins,K,CLE,33
Jaleel McLaughlin,RB,DEN,70
Darius Slayton,WR,NYG,107
Alec Pierce,WR,IND,110
Elijah Arroyo,TE,SEA,68
Ja'Tavion Sanders,TE,CAR,76
Audric Estime,RB,DEN,68
DJ Giddens,RB,IND,54
Ray-Ray McCloud,WR,ATL,102
Cam Akers,RB,UNS,65
Will Dissly,TE,LAC,73
Terrance Ferguson,TE,LAR,67
Jordan James,RB,SF,46
Noah Fant,TE,SEA,83
Pat Bryant,WR,DEN,100
Mike Williams,WR,LAC,93
Tahj Brooks,RB,CIN,44
Samaje Perine,RB,CIN,59
Antonio Gibson,RB,NE,62
Ollie Gordon II,RB,MIA,43
Dontayvion Wicks,WR,GB,88
Gus Edwards,RB,UNS,65
Isaiah Davis,RB,NYJ,47
Tyler Higbee,TE,LAR,66
Will Shipley,RB,PHI,42
Devin Neal,RB,NO,41
Tyler Lockett,WR,TEN,101
Ty Johnson,RB,BUF,57
Dyami Brown,WR,JAC,92
Aaron Rodgers,QB,UNS,224
Jaylin Noel,WR,HOU,78
Christian Watson,WR,GB,37
Kenneth Gainwell,RB,PIT,55
Alexander Mattison,RB,MIA,44
Devin Singletary,RB,NYG,54
Harold Fannin Jr.,TE,CLE,56
Noah Gray,TE,KC,70
Brashard Smith,RB,KC,32
Khalil Herbert,RB,IND,38
Raheem Mostert,RB,LVR,44
Kyle Monangai,RB,CHI,34
Roman Wilson,WR,PIT,76
Russell Wilson,QB,NYG,164
Phil Mafah,RB,DAL,28
Keaton Mitchell,RB,BAL,32
DeAndre Hopkins,WR,BAL,97
Tutu Atwell,WR,LAR,93
Jacory Croskey-Merritt,RB,WAS,26
Emari Demercado,RB,ARI,47
Tyler Shough,QB,NO,171
Jeremy McNichols,RB,WAS,33
Andrei Iosivas,WR,CIN,84
Emanuel Wilson,RB,GB,39
Calvin Austin III,WR,PIT,82
Mack Hollins,WR,NE,85
LeQuint Allen,RB,JAC,24
Sean Tucker,RB,TB,28
Kirk Cousins,QB,ATL,88
A.J. Dillon,RB,PHI,18
Taysom Hill,TE,NO,21
Jordan Whittington,WR,LAR,71
Clyde Edwards-Helaire,RB,NO,30
Kayshon Boutte,WR,NE,68
Demario Douglas,WR,NE,82
Noah Brown,WR,WAS,70
Damien Martinez,RB,SEA,24
Troy Franklin,WR,DEN,74
Tyler Conklin,TE,LAC,51
Austin Hooper,TE,NE,60
Chris Rodriguez,RB,WAS,26
Dameon Pierce,RB,HOU,28
Michael Mayer,TE,LVR,60
Cade Stover,TE,HOU,38
Gabriel Davis,WR,UNS,71
Malik Washington,WR,MIA,71
Darnell Washington,TE,PIT,45
Adonai Mitchell,WR,IND,64
Foster Moreau,TE,NO,54
Jalen Nailor,WR,MIN,74
Michael Carter,RB,ARI,19
Curtis Samuel,WR,BUF,72
Kalel Mullings,RB,TEN,19
Christopher Brooks,RB,GB,27
Luke Musgrave,TE,GB,36
Cordarrelle Patterson,RB,PIT,27
Devaughn Vele,WR,DEN,59
Daniel Jones,QB,IND,79
Marquez Valdes-Scantling,WR,SEA,76
Brandin Cooks,WR,NO,69
Nick Westbrook-Ikhine,WR,MIA,69
Dont'e Thornton Jr.,WR,LVR,57
Gerald Everett,TE,UNS,43
Ty Chandler,RB,MIN,26
Elic Ayomanor,WR,TEN,57
Oronde Gadsden II,TE,LAC,36
Gunnar Helm,TE,TEN,38
Tim Patrick,WR,DET,65
Marcus Yarns,RB,NO,15
Ben Sinnott,TE,WAS,34
Nathaniel Dell,WR,HOU,2
Sincere McCormick,RB,LVR,20
Craig Reynolds,RB,DET,20
Raheim Sanders,RB,LAC,14
Dawson Knox,TE,BUF,45
D.J. Chark Jr.,WR,UNS,68
Tai Felton,WR,MIN,64
Pierre Strong Jr.,RB,CLE,20
Parker Washington,WR,JAC,74
Allen Lazard,WR,NYJ,68
Jamaal Williams,RB,UNS,18
Van Jefferson,WR,TEN,68
Mitchell Evans,TE,CAR,29
Treylon Burks,WR,TEN,53
Brevin Jordan,TE,HOU,29
Kimani Vidal,RB,LAC,12
Zamir White,RB,LVR,18
Tommy Tremble,TE,CAR,38
Luke McCaffrey,WR,WAS,52
Tory Horton,WR,SEA,50
KaVontae Turpin,WR,DAL,67
Isaac TeSlaa,WR,DET,49
Deuce Vaughn,RB,DAL,10
Kalif Raymond,WR,DET,67
Chimere Dike,WR,TEN,52
Drew Sample,TE,CIN,43
Blake Watson,RB,DEN,8
Kenny McIntosh,RB,SEA,13
Josh Whyle,TE,TEN,31
Demarcus Robinson,WR,SF,49
DeeJay Dallas,RB,ARI,11
Malik Davis,RB,DAL,9
Josh Reynolds,WR,NYJ,51
Greg Dortch,WR,ARI,59
Jalen Tolbert,WR,DAL,50
Greg Dulcich,TE,NYG,23
Kendrick Bourne,WR,NE,69
Tyler Goodson,RB,IND,12
Luke Schoonmaker,TE,DAL,29
Savion Williams,WR,GB,49
Jonathan Mingo,WR,DAL,56
Israel Abanikanda,RB,SF,6
Jaxson Dart,QB,NYG,33
Tyler Badie,RB,DEN,7
Jordan Mims,RB,NO,11
Michael Gallup,WR,WAS,36
Dylan Laube,RB,LVR,7
Hassan Haskins,RB,LAC,9
Chris Boswell,K,PIT,15
AJ Barner,TE,SEA,33
Ben Sauls,K,PIT,16
Stone Smartt,TE,NYJ,28
Elijah Higgins,TE,ARI,31
Tanner McLachlan,TE,CIN,27
Carson Steele,RB,KC,8
Montrell Johnson Jr.,RB,PHI,8
Julius Chestnut,RB,TEN,6
Jase McClellan,RB,ATL,5
Robert Woods,WR,PIT,42
Keilan Robinson,RB,JAC,6
Eric Gray,RB,NYG,5
Tyler Boyd,WR,UNS,57
Lucas Krull,TE,DEN,26
Donovan Edwards,RB,NYJ,12
Hunter Renfrow,WR,CAR,37
Elijah Moore,WR,BUF,47
Jalen Royals,WR,KC,38
Tre Tucker,WR,LVR,47
Malachi Corley,WR,NYJ,39
Grant Calcaterra,TE,PHI,21
Ja'Lynn Polk,WR,NE,31
Nelson Agholor,WR,UNS,53
Jeremy Ruckert,TE,NYJ,25
Adam Trautman,TE,DEN,22
JuJu Smith-Schuster,WR,KC,39
Arian Smith,WR,NYJ,36
Johnny Mundt,TE,JAC,29
Harrison Bryant,TE,PHI,22
Luke Lachey,TE,HOU,16
Josh Oliver,TE,MIN,19
Kylen Granson,TE,PHI,20
Isaiah Bond,WR,RK,4
Julian Hill,TE,MIA,20
Daniel Bellinger,TE,NYG,19
Jake Briningstool,TE,KC,12
Zay Jones,WR,ARI,43
Brock Wright,TE,DET,22
Caleb Lohner,TE,DEN,13
Davis Allen,TE,LAR,19
Derius Davis,WR,LAC,35
Joshua Simon,TE,ATL,13
Charlie Kolar,TE,BAL,16
Javon Baker,WR,NE,27
Jermaine Burton,WR,CIN,24
Tip Reiman,TE,ARI,14
Devin Culp,TE,TB,13
Colby Parkinson,TE,LAR,20
Jelani Woods,TE,IND,11
Jackson Hawes,TE,BUF,15
Jared Wiley,TE,KC,10
Jahan Dotson,WR,PHI,28
Sterling Shepard,WR,TB,36
Jalin Hyatt,WR,NYG,24
Charlie Woerner,TE,ATL,12
Payne Durham,TE,TB,10
John Bates,TE,WAS,16
Andrew Ogletree,TE,IND,11
Mo Alie-Cox,TE,IND,30
John Metchie,WR,HOU,28
Tez Johnson,WR,TB,27
Jaylin Lane,WR,WAS,28
Will Mallory,TE,IND,10
KeAndre Lambert-Smith,WR,LAC,29
Brevyn Spann-Ford,TE,DAL,13
Nate Adkins,TE,DEN,14
Thomas Fidone II,TE,NYG,10
Jaheim Bell,TE,NE,10
Xavier Restrepo,WR,TEN,20
Andres Borregales,K,NE,5
Devontez Walker,WR,BAL,21
Dallin Holker,TE,NO,10
Moliki Matavao,TE,NO,10
Dillon Gabriel,QB,CLE,12
Gavin Bartholomew,TE,MIN,10
Joe Flacco,QB,CLE,16
Ricky White,WR,SEA,26
Justin Watson,WR,HOU,25
Shedeur Sanders,QB,CLE,12
Jordan Watkins,WR,SF,21
Durham Smythe,TE,CHI,10
Robbie Ouzts,TE,SEA,10
Kenny Pickett,QB,CLE,13
Spencer Rattler,QB,NO,7
Jacob Cowing,WR,SF,16
Connor Heyward,TE,PIT,8
Olamide Zaccheaus,WR,CHI,33
Mecole Hardman,WR,GB,24
Rondale Moore,WR,MIN,47
David Bell,WR,CLE,21
Jake Bobo,WR,SEA,23
Nick Nash,WR,ATL,17
Johnny Wilson,WR,PHI,15
Bub Means,WR,NO,21
Kevin Austin Jr.,WR,NO,22
Charlie Jones,WR,CIN,16
Mason Tipton,WR,NO,21
Cedrick Wilson,WR,NO,22
Ainias Smith,WR,PHI,12
Jamari Thrash,WR,CLE,14
Casey Washington,WR,ATL,15
Devin Duvernay,WR,CHI,21
Bo Melton,WR,GB,14
Jimmy Horn Jr.,WR,CAR,17
Rakim Jarrett,WR,TB,13
Ashton Dulin,WR,IND,16
DJ Turner,WR,LVR,18
Kaden Prather,WR,BUF,13
Elijhah Badger,WR,KC,12
Trey Palmer,WR,TB,12
Malik Heath,WR,GB,13
Xavier Gipson,WR,NYJ,17
Michael Woods II,WR,CLE,13
Kobe Hudson,WR,CAR,14
Ryan Miller,WR,TB,11
LaJohntay Wester,WR,BAL,13
Dominic Lovett,WR,DET,13
Skyy Moore,WR,KC,9
Jha'Quan Jackson,WR,TEN,11
KhaDarel Hodge,WR,ATL,29
Ryan Flournoy,WR,DAL,12
Jalen Brooks,WR,DAL,14
Bryce Oliver,WR,TEN,9
Tyler Scott,WR,CHI,14
Tyler Johnson,WR,NYJ,14
Antwane Wells Jr.,WR,NYG,9
Konata Mumpfield,WR,LAR,10
Anthony Gould,WR,IND,10
Xavier Hutchinson,WR,HOU,10
Braxton Berrios,WR,HOU,18
Jalen Milroe,QB,SEA,15
Deshaun Watson,QB,CLE,0
Will Howard,QB,PIT,11
Mason Rudolph,QB,PIT,10