name,position,team,projection
Ja'Marr Chase,WR,CIN,288
Bijan Robinson,RB,ATL,275
CeeDee Lamb,WR,DAL,273
Saquon Barkley,RB,PHI,266
Justin Jefferson,WR,MIN,281
Puka Nacua,WR,LAR,275
Christian McCaffrey,RB,SF,232
Jahmyr Gibbs,RB,DET,251
Malik Nabers,WR,NYG,256
Nico Collins,WR,HOU,250
Brian Thomas Jr.,WR,JAC,247
Ashton Jeanty,RB,LVR,247
Jonathan Taylor,RB,IND,242
De'Von Achane,RB,MIA,240
Derrick Henry,RB,BAL,239
Amon-Ra St. Brown,WR,DET,257
A.J. Brown,WR,PHI,248
Drake London,WR,ATL,246
Tee Higgins,WR,CIN,231
Tyreek Hill,WR,MIA,202
Breece Hall,RB,NYJ,212
Alvin Kamara,RB,NO,206
Chase Brown,RB,CIN,214
Brock Bowers,TE,LVR,216
Josh Jacobs,RB,GB,224
Bucky Irving,RB,TB,216
Trey McBride,TE,ARI,215
Joe Mixon,RB,HOU,199
Rashee Rice,WR,KC,195
Lamar Jackson,QB,BAL,340
Jayden Daniels,QB,WAS,334
Xavier Worthy,WR,KC,217
Kyren Williams,RB,LAR,217
Ladd McConkey,WR,LAC,222
Josh Allen,QB,BUF,337
Jalen Hurts,QB,PHI,333
Mike Evans,WR,TB,214
Kenneth Walker III,RB,SEA,212
James Cook,RB,BUF,209
Chuba Hubbard,RB,CAR,195
Davante Adams,WR,LAR,206
James Conner,RB,ARI,185
Garrett Wilson,WR,NYJ,217
George Kittle,TE,SF,190
D.J. Moore,WR,CHI,204
D.K. Metcalf,WR,PIT,208
Jaxon Smith-Njigba,WR,SEA,215
Terry McLaurin,WR,WAS,209
Marvin Harrison Jr.,WR,ARI,201
DeVonta Smith,WR,PHI,215
Joe Burrow,QB,CIN,316
Jaylen Waddle,WR,MIA,187
Zay Flowers,WR,BAL,206
Tetairoa McMillan,WR,CAR,183
Aaron Jones,RB,MIN,177
Courtland Sutton,WR,DEN,204
Jauan Jennings,WR,SF,200
Sam LaPorta,TE,DET,176
Travis Hunter,WR,JAC,163
David Montgomery,RB,DET,182
Chris Godwin,WR,TB,169
George Pickens,WR,DAL,177
Chris Olave,WR,NO,169
Jameson Williams,WR,DET,184
Isiah Pacheco,RB,KC,154
Omarion Hampton,RB,LAC,158
Travis Kelce,TE,KC,155
Quinshon Judkins,RB,CLE,167
D'Andre Swift,RB,CHI,149
Tony Pollard,RB,TEN,169
Calvin Ridley,WR,TEN,180
TreVeyon Henderson,RB,NE,155
T.J. Hockenson,TE,MIN,165
RJ Harvey,RB,DEN,148
Jakobi Meyers,WR,LVR,187
Deebo Samuel,WR,WAS,181
Ricky Pearsall,WR,SF,168
Khalil Shakir,WR,BUF,182
Jonnu Smith,TE,MIA,152
David Njoku,TE,CLE,153
Mark Andrews,TE,BAL,154
Jordan Addison,WR,MIN,177
Rome Odunze,WR,CHI,176
Jayden Reed,WR,GB,181
Marquise Brown,WR,KC,168
Patrick Mahomes,QB,KC,293
Jerry Jeudy,WR,CLE,175
Brian Robinson Jr.,RB,WAS,153
Jaylen Warren,RB,PIT,143
Dalton Kincaid,TE,BUF,138
Travis Etienne,RB,JAC,135
Kaleb Johnson,RB,PIT,121
Tucker Kraft,TE,GB,141
Jake Ferguson,TE,DAL,133
Evan Engram,TE,DEN,127
Kyler Murray,QB,ARI,281
Dallas Goedert,TE,PHI,139
Bo Nix,QB,DEN,277
Tyler Warren,TE,IND,119
Josh Downs,WR,IND,160
Tyrone Tracy Jr.,RB,NYG,102
Justin Fields,QB,NYJ,258
Baker Mayfield,QB,TB,279
Darnell Mooney,WR,ATL,161
Tyjae Spears,RB,TEN,127
Caleb Williams,QB,CHI,272
Cameron Skattebo,RB,NYG,104
Najee Harris,RB,LAC,127
Justin Herbert,QB,LAC,274
Pat Freiermuth,TE,PIT,135
Michael Pittman Jr.,WR,IND,162
Cooper Kupp,WR,SEA,152
Austin Ekeler,RB,WAS,127
Rashid Shaheed,WR,NO,156
Stefon Diggs,WR,NE,142
Dak Prescott,QB,DAL,274
Keon Coleman,WR,BUF,142
Tank Bigsby,RB,JAC,120
Trevor Lawrence,QB,JAC,271
Drake Maye,QB,NE,270
Brock Purdy,QB,SF,276
Zach Ertz,TE,WAS,116
Javonte Williams,RB,DAL,86
Colston Loveland,TE,CHI,113
Jordan Love,QB,GB,272
Jared Goff,QB,DET,276
Chigoziem Okonkwo,TE,TEN,114
Christian Kirk,WR,HOU,148
Jayden Higgins,WR,HOU,133
Isaiah Likely,TE,BAL,113
Rachaad White,RB,TB,112
Mike Gesicki,TE,CIN,115
Cade Otton,TE,TB,119
J.J. McCarthy,QB,MIN,234
Brandon Aubrey,K,DAL,145
C.J. Stroud,QB,HOU,267
Rhamondre Stevenson,RB,NE,114
Jordan Mason,RB,MIN,107
Hunter Henry,TE,NE,118
Tua Tagovailoa,QB,MIA,258
Kyle Pitts,TE,ATL,111
Zach Charbonnet,RB,SEA,110
J.K. Dobbins,RB,DEN,95
Romeo Doubs,WR,GB,140
Keenan Allen,WR,UNS,121
Matthew Golden,WR,GB,122
Cameron Dicker,K,LAC,140
Jaydon Blue,RB,DAL,87
Dalton Schultz,TE,HOU,110
Bryce Young,QB,CAR,256
Younghoe Koo,K,ATL,136
Brenton Strange,TE,JAC,106
Luther Burden III,WR,CHI,111
Emeka Egbuka,WR,TB,120
Joshua Palmer,WR,BUF,131
Amari Cooper,WR,UNS,118
Matt Gay,K,WAS,138
Juwan Johnson,TE,NO,109
Jake Elliott,K,PHI,139
Jake Bates,K,DET,139
Brandon McManus,K,GB,139
Ka'imi Fairbairn,K,HOU,141
Bhayshul Tuten,RB,JAC,85
Diontae Johnson,WR,CLE,90
Harrison Butker,K,KC,142
Cam Little,K,JAC,136
Wan'Dale Robinson,WR,NYG,131
Mason Taylor,TE,NYJ,99
Ray Davis,RB,BUF,86
Roschon Johnson,RB,CHI,80
Matthew Stafford,QB,LAR,259
Quentin Johnston,WR,LAC,110
Justice Hill,RB,BAL,90
Rashod Bateman,WR,BAL,127
Jason Sanders,K,MIA,139
Tyler Allgeier,RB,ATL,85
Cedric Tillman,WR,CLE,109
Tre Harris,WR,LAC,107
Daniel Carlson,K,LVR,139
Geno Smith,QB,LVR,254
Cameron Ward,QB,TEN,233
Kyle Williams,WR,NE,119
Evan McPherson,K,CIN,139
Trey Benson,RB,ARI,76
Tyler Loop,K,BAL,133
Chase McLaughlin,K,TB,139
Cole Kmet,TE,CHI,92
Sam Darnold,QB,SEA,249
Wil Lutz,K,DEN,138
Isaac Guerendo,RB,SF,72
Jack Bech,WR,LVR,112
Xavier Legette,WR,CAR,109
Marvin Mims Jr.,WR,DEN,105
Blake Corum,RB,LAR,65
Joshua Karty,K,LAR,136
Jaylen Wright,RB,MIA,72
Jalen Coker,WR,CAR,108
Theo Johnson,TE,NYG,87
Miles Sanders,RB,DAL,66
Adam Thielen,WR,CAR,104
Dylan Sampson,RB,CLE,69
Kareem Hunt,RB,KC,69
Michael Wilson,WR,ARI,126
MarShawn Lloyd,RB,GB,68
Michael Penix Jr.,QB,ATL,245
Chad Ryland,K,ARI,134
Chris Boswell,K,PIT,136
Kendre Miller,RB,NO,61
Elijah Mitchell,RB,KC,63
Anthony Richardson,QB,IND,160
Jason Myers,K,SEA,134
Jarquez Hunter,RB,LAR,57
Cairo Santos,K,CHI,134
Jerome Ford,RB,CLE,47
Demarcus Robinson,WR,SF,77
Rico Dowdle,RB,CAR,61
Tyler Bass,K,BUF,132
Braelon Allen,RB,NYJ,62
Jalen McMillan,WR,TB,105
Trevor Etienne,RB,CAR,53
Demario Douglas,WR,NE,105
Jo'Quavious Marks,RB,HOU,62
Nick Chubb,RB,HOU,49
Elijah Arroyo,TE,SEA,68
DJ Giddens,RB,IND,54
Ja'Tavion Sanders,TE,CAR,76
Alec Pierce,WR,IND,110
Darius Slayton,WR,NYG,107
Jordan James,RB,SF,46
Terrance Ferguson,TE,LAR,67
Tahj Brooks,RB,CIN,44
Noah Fant,TE,SEA,83
Ray-Ray McCloud,WR,ATL,102
Samaje Perine,RB,CIN,59
Mike Williams,WR,LAC,93
Pat Bryant,WR,DEN,100
Aaron Rodgers,QB,PIT,237
Antonio Gibson,RB,NE,62
Ollie Gordon II,RB,MIA,43
Zack Moss,RB,CIN,39
Dontayvion Wicks,WR,GB,89
Isaiah Davis,RB,NYJ,47
Gus Edwards,RB,UNS,65
Tyler Higbee,TE,LAR,66
Will Shipley,RB,PHI,42
Will Dissly,TE,LAC,69
Spencer Shrader,K,IND,127
Will Reichard,K,MIN,128
Ty Johnson,RB,BUF,57
Tyler Lockett,WR,TEN,101
Devin Neal,RB,NO,38
Kenneth Gainwell,RB,PIT,55
Dyami Brown,WR,JAC,92
Alexander Mattison,RB,MIA,44
Christian Watson,WR,GB,37
Raheem Mostert,RB,LVR,47
Jaylin Noel,WR,HOU,77
Devin Singletary,RB,NYG,54
Harold Fannin Jr.,TE,CLE,56
Noah Gray,TE,KC,70
Brashard Smith,RB,KC,32
Khalil Herbert,RB,IND,38
Kyle Monangai,RB,CHI,34
Russell Wilson,QB,NYG,164
Andres Borregales,K,NE,123
Keaton Mitchell,RB,BAL,32
Phil Mafah,RB,DAL,28
Roman Wilson,WR,PIT,77
DeAndre Hopkins,WR,BAL,97
Tutu Atwell,WR,LAR,93
Jacory Croskey-Merritt,RB,WAS,26
Emari Demercado,RB,ARI,47
Jeremy McNichols,RB,WAS,33
Tyler Shough,QB,NO,171
Blake Grupe,K,NO,123
Calvin Austin III,WR,PIT,84
Jaleel McLaughlin,RB,DEN,46
Andrei Iosivas,WR,CIN,84
LeQuint Allen,RB,JAC,24
Emanuel Wilson,RB,GB,38
Sean Tucker,RB,TB,28
JuJu Smith-Schuster,WR,KC,62
Dont'e Thornton Jr.,WR,LVR,65
Joey Slye,K,TEN,122
Mack Hollins,WR,NE,85
Gabriel Davis,WR,UNS,74
A.J. Dillon,RB,PHI,18
Taysom Hill,TE,NO,21
Audric Estime,RB,DEN,27
Jordan Whittington,WR,LAR,71
Tyler Conklin,TE,LAC,51
Kayshon Boutte,WR,NE,68
Chris Rodriguez,RB,WAS,26
Austin Hooper,TE,NE,60
Noah Brown,WR,WAS,70
Troy Franklin,WR,DEN,74
Cam Akers,RB,NO,39
Michael Mayer,TE,LVR,60
Cade Stover,TE,HOU,38
Daniel Jones,QB,IND,89
Darnell Washington,TE,PIT,46
Oronde Gadsden II,TE,LAC,40
Malik Washington,WR,MIA,71
Adonai Mitchell,WR,IND,64
Dameon Pierce,RB,HOU,26
Jalen Nailor,WR,MIN,75
Damien Martinez,RB,SEA,22
Clyde Edwards-Helaire,RB,NO,26
Foster Moreau,TE,NO,54
Michael Carter,RB,ARI,19
Kalel Mullings,RB,TEN,19
Christopher Brooks,RB,GB,27
Luke Musgrave,TE,GB,36
Curtis Samuel,WR,BUF,72
Cordarrelle Patterson,RB,PIT,27
Josh Reynolds,WR,NYJ,62
Devaughn Vele,WR,DEN,59
Graham Gano,K,NYG,117
Ty Chandler,RB,MIN,26
Gerald Everett,TE,UNS,43
Marquez Valdes-Scantling,WR,SEA,76
Brandin Cooks,WR,NO,69
Nick Westbrook-Ikhine,WR,MIA,69
Gunnar Helm,TE,TEN,38
Elic Ayomanor,WR,TEN,57
Marcus Yarns,RB,NO,15
Ben Sinnott,TE,WAS,34
Harrison Mevis,K,NYJ,84
Sincere McCormick,RB,LVR,20
Kirk Cousins,QB,ATL,51
Tim Patrick,WR,DET,65
Craig Reynolds,RB,DET,20
Raheim Sanders,RB,LAC,14
Pierre Strong Jr.,RB,CLE,20
Dawson Knox,TE,BUF,45
Jamaal Williams,RB,UNS,18
Dustin Hopkins,K,CLE,119
Allen Lazard,WR,NYJ,63
D.J. Chark Jr.,WR,UNS,68
Tai Felton,WR,MIN,64
Parker Washington,WR,JAC,74
Mitchell Evans,TE,CAR,29
Van Jefferson,WR,TEN,68
Kimani Vidal,RB,LAC,12
Zamir White,RB,LVR,18
Brevin Jordan,TE,HOU,29
Treylon Burks,WR,TEN,53
Tommy Tremble,TE,CAR,38
Deuce Vaughn,RB,DAL,10
Drew Sample,TE,CIN,43
Luke McCaffrey,WR,WAS,52
KaVontae Turpin,WR,DAL,67
Tory Horton,WR,SEA,50
Isaac TeSlaa,WR,DET,49
Blake Watson,RB,DEN,8
Kenny McIntosh,RB,SEA,13
Kalif Raymond,WR,DET,67
Chimere Dike,WR,TEN,52
Josh Whyle,TE,TEN,31
Jalen Royals,WR,KC,45
DeeJay Dallas,RB,ARI,11
Malik Davis,RB,DAL,9
Tyler Goodson,RB,IND,12
Greg Dulcich,TE,NYG,23
Luke Schoonmaker,TE,DAL,29
Greg Dortch,WR,ARI,59
Jalen Tolbert,WR,DAL,50
Kendrick Bourne,WR,NE,69
Israel Abanikanda,RB,SF,6
Jordan Mims,RB,NO,11
Tyler Badie,RB,DEN,7
Jaxson Dart,QB,NYG,33
Savion Williams,WR,GB,49
Dylan Laube,RB,LVR,7
Hassan Haskins,RB,LAC,9
Jonathan Mingo,WR,DAL,56
Michael Gallup,WR,WAS,36
AJ Barner,TE,SEA,33
Stone Smartt,TE,NYJ,28
Elijah Higgins,TE,ARI,31
Carson Steele,RB,KC,8
Montrell Johnson Jr.,RB,PHI,8
Tanner McLachlan,TE,CIN,27
Julius Chestnut,RB,TEN,6
Jase McClellan,RB,ATL,5
Keilan Robinson,RB,PHI,6
Robert Woods,WR,PIT,42
Eric Gray,RB,NYG,5
Lucas Krull,TE,DEN,26
Donovan Edwards,RB,NYJ,12
Tyler Boyd,WR,UNS,57
Hunter Renfrow,WR,CAR,37
Elijah Moore,WR,BUF,47
Tre Tucker,WR,LVR,47
Grant Calcaterra,TE,PHI,21
Arian Smith,WR,NYJ,36
Malachi Corley,WR,NYJ,39
Jeremy Ruckert,TE,NYJ,25
Ja'Lynn Polk,WR,NE,31
Nelson Agholor,WR,UNS,53
Adam Trautman,TE,DEN,22
Johnny Mundt,TE,JAC,29
Harrison Bryant,TE,PHI,22
Josh Oliver,TE,MIN,19
Jacob Cowing,WR,SF,23
Luke Lachey,TE,HOU,16
Kylen Granson,TE,PHI,20
Julian Hill,TE,MIA,20
Daniel Bellinger,TE,NYG,19
Jake Briningstool,TE,KC,12
Isaiah Bond,WR,RK,4
Brock Wright,TE,DET,22
Zay Jones,WR,ARI,43
Caleb Lohner,TE,DEN,13
Davis Allen,TE,LAR,19
Joshua Simon,TE,ATL,13
Charlie Kolar,TE,BAL,16
Derius Davis,WR,LAC,35
Javon Baker,WR,NE,27
Jermaine Burton,WR,CIN,24
Tip Reiman,TE,ARI,14
Devin Culp,TE,TB,13
Colby Parkinson,TE,LAR,20
Jelani Woods,TE,IND,11
Jackson Hawes,TE,BUF,15
Jordan Watkins,WR,SF,26
Jared Wiley,TE,KC,10
Jahan Dotson,WR,PHI,28
Charlie Woerner,TE,ATL,12
Payne Durham,TE,TB,10
John Bates,TE,WAS,16
Andrew Ogletree,TE,IND,11
Mo Alie-Cox,TE,IND,30
Sterling Shepard,WR,TB,36
Jalin Hyatt,WR,NYG,24
Will Mallory,TE,IND,11
John Metchie,WR,HOU,28
Brevyn Spann-Ford,TE,DAL,13
Tez Johnson,WR,TB,27
Jaylin Lane,WR,WAS,28
Nate Adkins,TE,DEN,14
KeAndre Lambert-Smith,WR,LAC,29
Thomas Fidone II,TE,NYG,10
Jaheim Bell,TE,NE,10
Xavier Restrepo,WR,TEN,20
Devontez Walker,WR,BAL,21
Dallin Holker,TE,NO,10
Moliki Matavao,TE,NO,10
Dillon Gabriel,QB,CLE,12
Gavin Bartholomew,TE,MIN,10
Joe Flacco,QB,CLE,16
Shedeur Sanders,QB,CLE,12
Ricky White,WR,SEA,26
Justin Watson,WR,HOU,25
Durham Smythe,TE,CHI,10
Robbie Ouzts,TE,SEA,10
Kenny Pickett,QB,CLE,13
Spencer Rattler,QB,NO,7
Connor Heyward,TE,PIT,8
Olamide Zaccheaus,WR,CHI,33
Mecole Hardman,WR,GB,25
Elijhah Badger,WR,KC,16
Rondale Moore,WR,MIN,47
David Bell,WR,CLE,21
Jake Bobo,WR,SEA,23
Nick Nash,WR,ATL,17
Johnny Wilson,WR,PHI,15
Bo Melton,CB,GB,15
Kevin Austin Jr.,WR,NO,22
Bub Means,WR,NO,21
Charlie Jones,WR,CIN,16
Mason Tipton,WR,NO,21
Cedrick Wilson,WR,NO,22
Skyy Moore,WR,KC,11
Ainias Smith,WR,PHI,12
Jamari Thrash,WR,CLE,14
Casey Washington,WR,ATL,15
Devin Duvernay,WR,CHI,21
Jimmy Horn Jr.,WR,CAR,17
Rakim Jarrett,WR,TB,13
Ashton Dulin,WR,IND,16
DJ Turner,WR,LVR,18
Kaden Prather,WR,BUF,13
Trey Palmer,WR,TB,12
Malik Heath,WR,GB,13
Xavier Gipson,WR,NYJ,17
Michael Woods II,WR,CLE,13
Kobe Hudson,WR,CAR,14
Ryan Miller,WR,TB,11
LaJohntay Wester,WR,BAL,13
Dominic Lovett,WR,DET,13
Jha'Quan Jackson,WR,TEN,11
KhaDarel Hodge,WR,ATL,29
Ryan Flournoy,WR,DAL,12
Jalen Brooks,WR,DAL,14
Bryce Oliver,WR,TEN,9
Tyler Scott,WR,CHI,14
Tyler Johnson,WR,NYJ,14
Antwane Wells Jr.,WR,NYG,9
Konata Mumpfield,WR,LAR,10
Anthony Gould,WR,IND,10
Xavier Hutchinson,WR,HOU,10
Braxton Berrios,WR,HOU,18
Brandon Aiyuk,WR,SF,11
Ryan Fitzgerald,K,CAR,49
Matthew Wright,K,CAR,44
Greg Joseph,K,SF,22
Jalen Milroe,QB,SEA,15
Deshaun Watson,QB,CLE,0
Ben Sauls,K,PIT,5
John Parker Romo,K,NE,2
Anders Carlson,K,UNS,0
Greg Zuerlein,K,UNS,0
Justin Tucker,K,UNS,0